{
  "swagger" : "2.0",
  "info" : {
    "version" : "1.0",
    "title" : "PFun CMA Model Backend"
  },
  "host" : "api.dev.pfun.app",
  "basePath" : "/api",
  "schemes" : [ "https" ],
  "paths" : {
    "/" : {
      "get" : {
        "produces" : [ "application/json" ],
        "responses" : {
          "200" : {
            "description" : "200 response",
            "schema" : {
              "$ref" : "#/definitions/Empty"
            }
          }
        },
        "x-amazon-apigateway-integration" : {
          "httpMethod" : "POST",
          "uri" : "arn:aws:apigateway:us-east-1:lambda:path/2015-03-31/functions/arn:aws:lambda:us-east-1:860311922912:function:pfun-cma-model-dev/invocations",
          "responses" : {
            "default" : {
              "statusCode" : "200"
            }
          },
          "passthroughBehavior" : "when_no_match",
          "contentHandling" : "CONVERT_TO_TEXT",
          "type" : "aws_proxy"
        }
      },
      "options" : {
        "consumes" : [ "application/json" ],
        "produces" : [ "application/json" ],
        "responses" : {
          "200" : {
            "description" : "200 response",
            "schema" : {
              "$ref" : "#/definitions/Empty"
            },
            "headers" : {
              "Access-Control-Expose-Headers" : {
                "type" : "string"
              },
              "Access-Control-Allow-Origin" : {
                "type" : "string"
              },
              "Access-Control-Allow-Methods" : {
                "type" : "string"
              },
              "Access-Control-Allow-Credentials" : {
                "type" : "string"
              },
              "Access-Control-Max-Age" : {
                "type" : "string"
              },
              "Access-Control-Allow-Headers" : {
                "type" : "string"
              }
            }
          }
        },
        "x-amazon-apigateway-integration" : {
          "responses" : {
            "default" : {
              "statusCode" : "200",
              "responseParameters" : {
                "method.response.header.Access-Control-Max-Age" : "'300'",
                "method.response.header.Access-Control-Expose-Headers" : "'X-RapidAPI-Key,X-RapidAPI-Proxy-Secret,X-RapidAPI-Host,X-API-Key,Authorization,Access-Control-Allow-Origin'",
                "method.response.header.Access-Control-Allow-Credentials" : "'true'",
                "method.response.header.Access-Control-Allow-Methods" : "'GET,OPTIONS'",
                "method.response.header.Access-Control-Allow-Headers" : "'Access-Control-Allow-Origin,Authorization,Content-Type,X-Amz-Date,X-Amz-Security-Token,X-Api-Key,X-RapidAPI-Host,X-RapidAPI-Key,X-RapidAPI-Proxy-Secret'",
                "method.response.header.Access-Control-Allow-Origin" : "'*'"
              }
            }
          },
          "requestTemplates" : {
            "application/json" : "{\"statusCode\": 200}"
          },
          "passthroughBehavior" : "when_no_match",
          "contentHandling" : "CONVERT_TO_TEXT",
          "type" : "mock"
        }
      }
    },
    "/fit" : {
      "post" : {
        "produces" : [ "application/json" ],
        "responses" : {
          "200" : {
            "description" : "200 response",
            "schema" : {
              "$ref" : "#/definitions/Empty"
            }
          }
        },
        "x-amazon-apigateway-integration" : {
          "httpMethod" : "POST",
          "uri" : "arn:aws:apigateway:us-east-1:lambda:path/2015-03-31/functions/arn:aws:lambda:us-east-1:860311922912:function:pfun-cma-model-dev/invocations",
          "responses" : {
            "default" : {
              "statusCode" : "200"
            }
          },
          "passthroughBehavior" : "when_no_match",
          "contentHandling" : "CONVERT_TO_TEXT",
          "type" : "aws_proxy"
        }
      },
      "options" : {
        "consumes" : [ "application/json" ],
        "produces" : [ "application/json" ],
        "responses" : {
          "200" : {
            "description" : "200 response",
            "schema" : {
              "$ref" : "#/definitions/Empty"
            },
            "headers" : {
              "Access-Control-Expose-Headers" : {
                "type" : "string"
              },
              "Access-Control-Allow-Origin" : {
                "type" : "string"
              },
              "Access-Control-Allow-Methods" : {
                "type" : "string"
              },
              "Access-Control-Allow-Credentials" : {
                "type" : "string"
              },
              "Access-Control-Max-Age" : {
                "type" : "string"
              },
              "Access-Control-Allow-Headers" : {
                "type" : "string"
              }
            }
          }
        },
        "x-amazon-apigateway-integration" : {
          "responses" : {
            "default" : {
              "statusCode" : "200",
              "responseParameters" : {
                "method.response.header.Access-Control-Max-Age" : "'300'",
                "method.response.header.Access-Control-Expose-Headers" : "'X-RapidAPI-Key,X-RapidAPI-Proxy-Secret,X-RapidAPI-Host,X-API-Key,Authorization,Access-Control-Allow-Origin'",
                "method.response.header.Access-Control-Allow-Credentials" : "'true'",
                "method.response.header.Access-Control-Allow-Methods" : "'POST,OPTIONS'",
                "method.response.header.Access-Control-Allow-Headers" : "'Access-Control-Allow-Origin,Authorization,Content-Type,X-Amz-Date,X-Amz-Security-Token,X-Api-Key,X-RapidAPI-Host,X-RapidAPI-Key,X-RapidAPI-Proxy-Secret'",
                "method.response.header.Access-Control-Allow-Origin" : "'*'"
              }
            }
          },
          "requestTemplates" : {
            "application/json" : "{\"statusCode\": 200}"
          },
          "passthroughBehavior" : "when_no_match",
          "contentHandling" : "CONVERT_TO_TEXT",
          "type" : "mock"
        }
      }
    },
    "/log" : {
      "get" : {
        "produces" : [ "application/json" ],
        "responses" : {
          "200" : {
            "description" : "200 response",
            "schema" : {
              "$ref" : "#/definitions/Empty"
            }
          }
        },
        "x-amazon-apigateway-integration" : {
          "httpMethod" : "POST",
          "uri" : "arn:aws:apigateway:us-east-1:lambda:path/2015-03-31/functions/arn:aws:lambda:us-east-1:860311922912:function:pfun-cma-model-dev/invocations",
          "responses" : {
            "default" : {
              "statusCode" : "200"
            }
          },
          "passthroughBehavior" : "when_no_match",
          "contentHandling" : "CONVERT_TO_TEXT",
          "type" : "aws_proxy"
        }
      },
      "post" : {
        "produces" : [ "application/json" ],
        "responses" : {
          "200" : {
            "description" : "200 response",
            "schema" : {
              "$ref" : "#/definitions/Empty"
            }
          }
        },
        "x-amazon-apigateway-integration" : {
          "httpMethod" : "POST",
          "uri" : "arn:aws:apigateway:us-east-1:lambda:path/2015-03-31/functions/arn:aws:lambda:us-east-1:860311922912:function:pfun-cma-model-dev/invocations",
          "responses" : {
            "default" : {
              "statusCode" : "200"
            }
          },
          "passthroughBehavior" : "when_no_match",
          "contentHandling" : "CONVERT_TO_TEXT",
          "type" : "aws_proxy"
        }
      },
      "options" : {
        "consumes" : [ "application/json" ],
        "produces" : [ "application/json" ],
        "responses" : {
          "200" : {
            "description" : "200 response",
            "schema" : {
              "$ref" : "#/definitions/Empty"
            },
            "headers" : {
              "Access-Control-Expose-Headers" : {
                "type" : "string"
              },
              "Access-Control-Allow-Origin" : {
                "type" : "string"
              },
              "Access-Control-Allow-Methods" : {
                "type" : "string"
              },
              "Access-Control-Allow-Credentials" : {
                "type" : "string"
              },
              "Access-Control-Max-Age" : {
                "type" : "string"
              },
              "Access-Control-Allow-Headers" : {
                "type" : "string"
              }
            }
          }
        },
        "x-amazon-apigateway-integration" : {
          "responses" : {
            "default" : {
              "statusCode" : "200",
              "responseParameters" : {
                "method.response.header.Access-Control-Max-Age" : "'300'",
                "method.response.header.Access-Control-Expose-Headers" : "'X-RapidAPI-Key,X-RapidAPI-Proxy-Secret,X-RapidAPI-Host,X-API-Key,Authorization,Access-Control-Allow-Origin'",
                "method.response.header.Access-Control-Allow-Credentials" : "'true'",
                "method.response.header.Access-Control-Allow-Methods" : "'GET,POST,OPTIONS'",
                "method.response.header.Access-Control-Allow-Headers" : "'Access-Control-Allow-Origin,Authorization,Content-Type,X-Amz-Date,X-Amz-Security-Token,X-Api-Key,X-RapidAPI-Host,X-RapidAPI-Key,X-RapidAPI-Proxy-Secret'",
                "method.response.header.Access-Control-Allow-Origin" : "'*'"
              }
            }
          },
          "requestTemplates" : {
            "application/json" : "{\"statusCode\": 200}"
          },
          "passthroughBehavior" : "when_no_match",
          "contentHandling" : "CONVERT_TO_TEXT",
          "type" : "mock"
        }
      }
    },
    "/login-dexcom" : {
      "get" : {
        "produces" : [ "application/json" ],
        "responses" : {
          "200" : {
            "description" : "200 response",
            "schema" : {
              "$ref" : "#/definitions/Empty"
            }
          }
        },
        "x-amazon-apigateway-integration" : {
          "httpMethod" : "POST",
          "uri" : "arn:aws:apigateway:us-east-1:lambda:path/2015-03-31/functions/arn:aws:lambda:us-east-1:860311922912:function:pfun-cma-model-dev/invocations",
          "responses" : {
            "default" : {
              "statusCode" : "200"
            }
          },
          "passthroughBehavior" : "when_no_match",
          "contentHandling" : "CONVERT_TO_TEXT",
          "type" : "aws_proxy"
        }
      },
      "post" : {
        "produces" : [ "application/json" ],
        "responses" : {
          "200" : {
            "description" : "200 response",
            "schema" : {
              "$ref" : "#/definitions/Empty"
            }
          }
        },
        "x-amazon-apigateway-integration" : {
          "httpMethod" : "POST",
          "uri" : "arn:aws:apigateway:us-east-1:lambda:path/2015-03-31/functions/arn:aws:lambda:us-east-1:860311922912:function:pfun-cma-model-dev/invocations",
          "responses" : {
            "default" : {
              "statusCode" : "200"
            }
          },
          "passthroughBehavior" : "when_no_match",
          "contentHandling" : "CONVERT_TO_TEXT",
          "type" : "aws_proxy"
        }
      },
      "options" : {
        "consumes" : [ "application/json" ],
        "produces" : [ "application/json" ],
        "responses" : {
          "200" : {
            "description" : "200 response",
            "schema" : {
              "$ref" : "#/definitions/Empty"
            },
            "headers" : {
              "Access-Control-Expose-Headers" : {
                "type" : "string"
              },
              "Access-Control-Allow-Origin" : {
                "type" : "string"
              },
              "Access-Control-Allow-Methods" : {
                "type" : "string"
              },
              "Access-Control-Allow-Credentials" : {
                "type" : "string"
              },
              "Access-Control-Max-Age" : {
                "type" : "string"
              },
              "Access-Control-Allow-Headers" : {
                "type" : "string"
              }
            }
          }
        },
        "x-amazon-apigateway-integration" : {
          "responses" : {
            "default" : {
              "statusCode" : "200",
              "responseParameters" : {
                "method.response.header.Access-Control-Max-Age" : "'300'",
                "method.response.header.Access-Control-Expose-Headers" : "'X-RapidAPI-Key,X-RapidAPI-Proxy-Secret,X-RapidAPI-Host,X-API-Key,Authorization,Access-Control-Allow-Origin'",
                "method.response.header.Access-Control-Allow-Credentials" : "'true'",
                "method.response.header.Access-Control-Allow-Methods" : "'GET,POST,OPTIONS'",
                "method.response.header.Access-Control-Allow-Headers" : "'Access-Control-Allow-Origin,Authorization,Content-Type,X-Amz-Date,X-Amz-Security-Token,X-Api-Key,X-RapidAPI-Host,X-RapidAPI-Key,X-RapidAPI-Proxy-Secret'",
                "method.response.header.Access-Control-Allow-Origin" : "'*'"
              }
            }
          },
          "requestTemplates" : {
            "application/json" : "{\"statusCode\": 200}"
          },
          "passthroughBehavior" : "when_no_match",
          "contentHandling" : "CONVERT_TO_TEXT",
          "type" : "mock"
        }
      }
    },
    "/login-success" : {
      "get" : {
        "produces" : [ "application/json" ],
        "responses" : {
          "200" : {
            "description" : "200 response",
            "schema" : {
              "$ref" : "#/definitions/Empty"
            }
          }
        },
        "x-amazon-apigateway-integration" : {
          "httpMethod" : "POST",
          "uri" : "arn:aws:apigateway:us-east-1:lambda:path/2015-03-31/functions/arn:aws:lambda:us-east-1:860311922912:function:pfun-cma-model-dev/invocations",
          "responses" : {
            "default" : {
              "statusCode" : "200"
            }
          },
          "passthroughBehavior" : "when_no_match",
          "contentHandling" : "CONVERT_TO_TEXT",
          "type" : "aws_proxy"
        }
      },
      "options" : {
        "consumes" : [ "application/json" ],
        "produces" : [ "application/json" ],
        "responses" : {
          "200" : {
            "description" : "200 response",
            "schema" : {
              "$ref" : "#/definitions/Empty"
            },
            "headers" : {
              "Access-Control-Expose-Headers" : {
                "type" : "string"
              },
              "Access-Control-Allow-Origin" : {
                "type" : "string"
              },
              "Access-Control-Allow-Methods" : {
                "type" : "string"
              },
              "Access-Control-Allow-Credentials" : {
                "type" : "string"
              },
              "Access-Control-Max-Age" : {
                "type" : "string"
              },
              "Access-Control-Allow-Headers" : {
                "type" : "string"
              }
            }
          }
        },
        "x-amazon-apigateway-integration" : {
          "responses" : {
            "default" : {
              "statusCode" : "200",
              "responseParameters" : {
                "method.response.header.Access-Control-Max-Age" : "'300'",
                "method.response.header.Access-Control-Expose-Headers" : "'X-RapidAPI-Key,X-RapidAPI-Proxy-Secret,X-RapidAPI-Host,X-API-Key,Authorization,Access-Control-Allow-Origin'",
                "method.response.header.Access-Control-Allow-Credentials" : "'true'",
                "method.response.header.Access-Control-Allow-Methods" : "'GET,OPTIONS'",
                "method.response.header.Access-Control-Allow-Headers" : "'Access-Control-Allow-Origin,Authorization,Content-Type,X-Amz-Date,X-Amz-Security-Token,X-Api-Key,X-RapidAPI-Host,X-RapidAPI-Key,X-RapidAPI-Proxy-Secret'",
                "method.response.header.Access-Control-Allow-Origin" : "'*'"
              }
            }
          },
          "requestTemplates" : {
            "application/json" : "{\"statusCode\": 200}"
          },
          "passthroughBehavior" : "when_no_match",
          "contentHandling" : "CONVERT_TO_TEXT",
          "type" : "mock"
        }
      }
    },
    "/routes" : {
      "get" : {
        "produces" : [ "application/json" ],
        "responses" : {
          "200" : {
            "description" : "200 response",
            "schema" : {
              "$ref" : "#/definitions/Empty"
            }
          }
        },
        "x-amazon-apigateway-integration" : {
          "httpMethod" : "POST",
          "uri" : "arn:aws:apigateway:us-east-1:lambda:path/2015-03-31/functions/arn:aws:lambda:us-east-1:860311922912:function:pfun-cma-model-dev/invocations",
          "responses" : {
            "default" : {
              "statusCode" : "200"
            }
          },
          "passthroughBehavior" : "when_no_match",
          "contentHandling" : "CONVERT_TO_TEXT",
          "type" : "aws_proxy"
        }
      },
      "options" : {
        "consumes" : [ "application/json" ],
        "produces" : [ "application/json" ],
        "responses" : {
          "200" : {
            "description" : "200 response",
            "schema" : {
              "$ref" : "#/definitions/Empty"
            },
            "headers" : {
              "Access-Control-Expose-Headers" : {
                "type" : "string"
              },
              "Access-Control-Allow-Origin" : {
                "type" : "string"
              },
              "Access-Control-Allow-Methods" : {
                "type" : "string"
              },
              "Access-Control-Allow-Credentials" : {
                "type" : "string"
              },
              "Access-Control-Max-Age" : {
                "type" : "string"
              },
              "Access-Control-Allow-Headers" : {
                "type" : "string"
              }
            }
          }
        },
        "x-amazon-apigateway-integration" : {
          "responses" : {
            "default" : {
              "statusCode" : "200",
              "responseParameters" : {
                "method.response.header.Access-Control-Max-Age" : "'300'",
                "method.response.header.Access-Control-Expose-Headers" : "'X-RapidAPI-Key,X-RapidAPI-Proxy-Secret,X-RapidAPI-Host,X-API-Key,Authorization,Access-Control-Allow-Origin'",
                "method.response.header.Access-Control-Allow-Credentials" : "'true'",
                "method.response.header.Access-Control-Allow-Methods" : "'GET,OPTIONS'",
                "method.response.header.Access-Control-Allow-Headers" : "'Access-Control-Allow-Origin,Authorization,Content-Type,X-Amz-Date,X-Amz-Security-Token,X-Api-Key,X-RapidAPI-Host,X-RapidAPI-Key,X-RapidAPI-Proxy-Secret'",
                "method.response.header.Access-Control-Allow-Origin" : "'*'"
              }
            }
          },
          "requestTemplates" : {
            "application/json" : "{\"statusCode\": 200}"
          },
          "passthroughBehavior" : "when_no_match",
          "contentHandling" : "CONVERT_TO_TEXT",
          "type" : "mock"
        }
      }
    },
    "/run" : {
      "get" : {
        "produces" : [ "application/json" ],
        "responses" : {
          "200" : {
            "description" : "200 response",
            "schema" : {
              "$ref" : "#/definitions/Empty"
            }
          }
        },
        "x-amazon-apigateway-integration" : {
          "httpMethod" : "POST",
          "uri" : "arn:aws:apigateway:us-east-1:lambda:path/2015-03-31/functions/arn:aws:lambda:us-east-1:860311922912:function:pfun-cma-model-dev/invocations",
          "responses" : {
            "default" : {
              "statusCode" : "200"
            }
          },
          "passthroughBehavior" : "when_no_match",
          "contentHandling" : "CONVERT_TO_TEXT",
          "type" : "aws_proxy"
        }
      },
      "post" : {
        "produces" : [ "application/json" ],
        "responses" : {
          "200" : {
            "description" : "200 response",
            "schema" : {
              "$ref" : "#/definitions/Empty"
            }
          }
        },
        "x-amazon-apigateway-integration" : {
          "httpMethod" : "POST",
          "uri" : "arn:aws:apigateway:us-east-1:lambda:path/2015-03-31/functions/arn:aws:lambda:us-east-1:860311922912:function:pfun-cma-model-dev/invocations",
          "responses" : {
            "default" : {
              "statusCode" : "200"
            }
          },
          "passthroughBehavior" : "when_no_match",
          "contentHandling" : "CONVERT_TO_TEXT",
          "type" : "aws_proxy"
        }
      },
      "options" : {
        "consumes" : [ "application/json" ],
        "produces" : [ "application/json" ],
        "responses" : {
          "200" : {
            "description" : "200 response",
            "schema" : {
              "$ref" : "#/definitions/Empty"
            },
            "headers" : {
              "Access-Control-Expose-Headers" : {
                "type" : "string"
              },
              "Access-Control-Allow-Origin" : {
                "type" : "string"
              },
              "Access-Control-Allow-Methods" : {
                "type" : "string"
              },
              "Access-Control-Allow-Credentials" : {
                "type" : "string"
              },
              "Access-Control-Max-Age" : {
                "type" : "string"
              },
              "Access-Control-Allow-Headers" : {
                "type" : "string"
              }
            }
          }
        },
        "x-amazon-apigateway-integration" : {
          "responses" : {
            "default" : {
              "statusCode" : "200",
              "responseParameters" : {
                "method.response.header.Access-Control-Max-Age" : "'300'",
                "method.response.header.Access-Control-Expose-Headers" : "'X-RapidAPI-Key,X-RapidAPI-Proxy-Secret,X-RapidAPI-Host,X-API-Key,Authorization,Access-Control-Allow-Origin'",
                "method.response.header.Access-Control-Allow-Credentials" : "'true'",
                "method.response.header.Access-Control-Allow-Methods" : "'GET,POST,OPTIONS'",
                "method.response.header.Access-Control-Allow-Headers" : "'Access-Control-Allow-Origin,Authorization,Content-Type,X-Amz-Date,X-Amz-Security-Token,X-Api-Key,X-RapidAPI-Host,X-RapidAPI-Key,X-RapidAPI-Proxy-Secret'",
                "method.response.header.Access-Control-Allow-Origin" : "'*'"
              }
            }
          },
          "requestTemplates" : {
            "application/json" : "{\"statusCode\": 200}"
          },
          "passthroughBehavior" : "when_no_match",
          "contentHandling" : "CONVERT_TO_TEXT",
          "type" : "mock"
        }
      }
    },
    "/run-at-time" : {
      "get" : {
        "produces" : [ "application/json" ],
        "responses" : {
          "200" : {
            "description" : "200 response",
            "schema" : {
              "$ref" : "#/definitions/Empty"
            }
          }
        },
        "x-amazon-apigateway-integration" : {
          "httpMethod" : "POST",
          "uri" : "arn:aws:apigateway:us-east-1:lambda:path/2015-03-31/functions/arn:aws:lambda:us-east-1:860311922912:function:pfun-cma-model-dev/invocations",
          "responses" : {
            "default" : {
              "statusCode" : "200"
            }
          },
          "passthroughBehavior" : "when_no_match",
          "contentHandling" : "CONVERT_TO_TEXT",
          "type" : "aws_proxy"
        }
      },
      "post" : {
        "produces" : [ "application/json" ],
        "responses" : {
          "200" : {
            "description" : "200 response",
            "schema" : {
              "$ref" : "#/definitions/Empty"
            }
          }
        },
        "x-amazon-apigateway-integration" : {
          "httpMethod" : "POST",
          "uri" : "arn:aws:apigateway:us-east-1:lambda:path/2015-03-31/functions/arn:aws:lambda:us-east-1:860311922912:function:pfun-cma-model-dev/invocations",
          "responses" : {
            "default" : {
              "statusCode" : "200"
            }
          },
          "passthroughBehavior" : "when_no_match",
          "contentHandling" : "CONVERT_TO_TEXT",
          "type" : "aws_proxy"
        }
      },
      "options" : {
        "consumes" : [ "application/json" ],
        "produces" : [ "application/json" ],
        "responses" : {
          "200" : {
            "description" : "200 response",
            "schema" : {
              "$ref" : "#/definitions/Empty"
            },
            "headers" : {
              "Access-Control-Expose-Headers" : {
                "type" : "string"
              },
              "Access-Control-Allow-Origin" : {
                "type" : "string"
              },
              "Access-Control-Allow-Methods" : {
                "type" : "string"
              },
              "Access-Control-Allow-Credentials" : {
                "type" : "string"
              },
              "Access-Control-Max-Age" : {
                "type" : "string"
              },
              "Access-Control-Allow-Headers" : {
                "type" : "string"
              }
            }
          }
        },
        "x-amazon-apigateway-integration" : {
          "responses" : {
            "default" : {
              "statusCode" : "200",
              "responseParameters" : {
                "method.response.header.Access-Control-Max-Age" : "'300'",
                "method.response.header.Access-Control-Expose-Headers" : "'X-RapidAPI-Key,X-RapidAPI-Proxy-Secret,X-RapidAPI-Host,X-API-Key,Authorization,Access-Control-Allow-Origin'",
                "method.response.header.Access-Control-Allow-Credentials" : "'true'",
                "method.response.header.Access-Control-Allow-Methods" : "'GET,POST,OPTIONS'",
                "method.response.header.Access-Control-Allow-Headers" : "'Access-Control-Allow-Origin,Authorization,Content-Type,X-Amz-Date,X-Amz-Security-Token,X-Api-Key,X-RapidAPI-Host,X-RapidAPI-Key,X-RapidAPI-Proxy-Secret'",
                "method.response.header.Access-Control-Allow-Origin" : "'*'"
              }
            }
          },
          "requestTemplates" : {
            "application/json" : "{\"statusCode\": 200}"
          },
          "passthroughBehavior" : "when_no_match",
          "contentHandling" : "CONVERT_TO_TEXT",
          "type" : "mock"
        }
      }
    },
    "/sdk" : {
      "get" : {
        "produces" : [ "application/json" ],
        "responses" : {
          "200" : {
            "description" : "200 response",
            "schema" : {
              "$ref" : "#/definitions/Empty"
            }
          }
        },
        "x-amazon-apigateway-integration" : {
          "httpMethod" : "POST",
          "uri" : "arn:aws:apigateway:us-east-1:lambda:path/2015-03-31/functions/arn:aws:lambda:us-east-1:860311922912:function:pfun-cma-model-dev/invocations",
          "responses" : {
            "default" : {
              "statusCode" : "200"
            }
          },
          "passthroughBehavior" : "when_no_match",
          "contentHandling" : "CONVERT_TO_TEXT",
          "type" : "aws_proxy"
        }
      },
      "options" : {
        "consumes" : [ "application/json" ],
        "produces" : [ "application/json" ],
        "responses" : {
          "200" : {
            "description" : "200 response",
            "schema" : {
              "$ref" : "#/definitions/Empty"
            },
            "headers" : {
              "Access-Control-Expose-Headers" : {
                "type" : "string"
              },
              "Access-Control-Allow-Origin" : {
                "type" : "string"
              },
              "Access-Control-Allow-Methods" : {
                "type" : "string"
              },
              "Access-Control-Allow-Credentials" : {
                "type" : "string"
              },
              "Access-Control-Max-Age" : {
                "type" : "string"
              },
              "Access-Control-Allow-Headers" : {
                "type" : "string"
              }
            }
          }
        },
        "x-amazon-apigateway-integration" : {
          "responses" : {
            "default" : {
              "statusCode" : "200",
              "responseParameters" : {
                "method.response.header.Access-Control-Max-Age" : "'300'",
                "method.response.header.Access-Control-Expose-Headers" : "'X-RapidAPI-Key,X-RapidAPI-Proxy-Secret,X-RapidAPI-Host,X-API-Key,Authorization,Access-Control-Allow-Origin'",
                "method.response.header.Access-Control-Allow-Credentials" : "'true'",
                "method.response.header.Access-Control-Allow-Methods" : "'GET,OPTIONS'",
                "method.response.header.Access-Control-Allow-Headers" : "'Access-Control-Allow-Origin,Authorization,Content-Type,X-Amz-Date,X-Amz-Security-Token,X-Api-Key,X-RapidAPI-Host,X-RapidAPI-Key,X-RapidAPI-Proxy-Secret'",
                "method.response.header.Access-Control-Allow-Origin" : "'*'"
              }
            }
          },
          "requestTemplates" : {
            "application/json" : "{\"statusCode\": 200}"
          },
          "passthroughBehavior" : "when_no_match",
          "contentHandling" : "CONVERT_TO_TEXT",
          "type" : "mock"
        }
      }
    },
    "/static" : {
      "get" : {
        "produces" : [ "application/json" ],
        "responses" : {
          "200" : {
            "description" : "200 response",
            "schema" : {
              "$ref" : "#/definitions/Empty"
            }
          }
        },
        "x-amazon-apigateway-integration" : {
          "httpMethod" : "POST",
          "uri" : "arn:aws:apigateway:us-east-1:lambda:path/2015-03-31/functions/arn:aws:lambda:us-east-1:860311922912:function:pfun-cma-model-dev/invocations",
          "responses" : {
            "default" : {
              "statusCode" : "200"
            }
          },
          "passthroughBehavior" : "when_no_match",
          "contentHandling" : "CONVERT_TO_TEXT",
          "type" : "aws_proxy"
        }
      },
      "options" : {
        "consumes" : [ "application/json" ],
        "produces" : [ "application/json" ],
        "responses" : {
          "200" : {
            "description" : "200 response",
            "schema" : {
              "$ref" : "#/definitions/Empty"
            },
            "headers" : {
              "Access-Control-Expose-Headers" : {
                "type" : "string"
              },
              "Access-Control-Allow-Origin" : {
                "type" : "string"
              },
              "Access-Control-Allow-Methods" : {
                "type" : "string"
              },
              "Access-Control-Allow-Credentials" : {
                "type" : "string"
              },
              "Access-Control-Max-Age" : {
                "type" : "string"
              },
              "Access-Control-Allow-Headers" : {
                "type" : "string"
              }
            }
          }
        },
        "x-amazon-apigateway-integration" : {
          "responses" : {
            "default" : {
              "statusCode" : "200",
              "responseParameters" : {
                "method.response.header.Access-Control-Max-Age" : "'300'",
                "method.response.header.Access-Control-Expose-Headers" : "'X-RapidAPI-Key,X-RapidAPI-Proxy-Secret,X-RapidAPI-Host,X-API-Key,Authorization,Access-Control-Allow-Origin'",
                "method.response.header.Access-Control-Allow-Credentials" : "'true'",
                "method.response.header.Access-Control-Allow-Methods" : "'GET,OPTIONS'",
                "method.response.header.Access-Control-Allow-Headers" : "'Access-Control-Allow-Origin,Authorization,Content-Type,X-Amz-Date,X-Amz-Security-Token,X-Api-Key,X-RapidAPI-Host,X-RapidAPI-Key,X-RapidAPI-Proxy-Secret'",
                "method.response.header.Access-Control-Allow-Origin" : "'*'"
              }
            }
          },
          "requestTemplates" : {
            "application/json" : "{\"statusCode\": 200}"
          },
          "passthroughBehavior" : "when_no_match",
          "contentHandling" : "CONVERT_TO_TEXT",
          "type" : "mock"
        }
      }
    }
  },
  "definitions" : {
    "Empty" : {
      "type" : "object",
      "title" : "Empty Schema"
    }
  },
  "x-amazon-apigateway-binary-media-types" : [ "application/octet-stream", "application/x-tar", "application/zip", "audio/basic", "audio/ogg", "audio/mp4", "audio/mpeg", "audio/wav", "audio/webm", "image/png", "image/jpg", "image/jpeg", "image/gif", "video/ogg", "video/mpeg", "video/webm" ]
}